Pré,Fine-Tunning,Treino Acurácia,Treino Loss,Valid Acurácia,Valid Loss,Test Acurácia,Test Loss
Sem,1,0.9614512324333191,0.09230580925941467,0.8433734774589539,0.6145287156105042,0.8173912763595581,0.6130083203315735
